City_ID,City,Country,Date,Lat,Lng,Max Temp,Humidity,Cloudiness,Wind Speed
0,Cabo San Lucas,MX,2021-04-09 20:41:16,22.8909,-109.9124,93.2,20,20,9.22
1,Mataura,NZ,2021-04-09 20:38:11,-46.1927,168.8643,46.99,91,100,1.01
2,Vila Velha,BR,2021-04-09 20:40:35,-20.3297,-40.2925,79.0,78,75,14.97
3,Puerto Ayora,EC,2021-04-09 20:41:16,-0.7393,-90.3518,80.6,78,75,3.44
4,Yellowknife,CA,2021-04-09 20:41:16,62.456,-114.3525,16.0,57,75,16.11
5,Jacareacanga,BR,2021-04-09 20:41:17,-6.2222,-57.7528,85.77,62,87,3.94
6,Vostok,RU,2021-04-09 20:41:17,46.4856,135.8833,21.15,78,77,5.17
7,Sao Bento,BR,2021-04-09 20:41:17,-6.2833,-37.75,79.29,52,100,5.97
8,Barrow,US,2021-04-09 20:41:17,71.2906,-156.7887,-13.0,70,1,12.66
9,East London,ZA,2021-04-09 20:37:55,-33.0153,27.9116,66.0,84,33,3.87
10,Aklavik,CA,2021-04-09 20:41:18,68.2191,-135.0107,-14.8,58,90,14.97
11,Acajutla,SV,2021-04-09 20:41:09,13.5928,-89.8275,93.2,36,20,3.44
12,Khatanga,RU,2021-04-09 20:41:18,71.9667,102.5,-15.48,89,29,4.38
13,Busselton,AU,2021-04-09 20:41:18,-33.65,115.3333,57.99,80,0,4.0
14,Vaini,TO,2021-04-09 20:41:18,-21.2,-175.2,77.0,78,40,4.61
15,Cidreira,BR,2021-04-09 20:41:19,-30.1811,-50.2056,75.13,76,61,9.15
16,Hilo,US,2021-04-09 20:40:15,19.7297,-155.09,77.0,53,1,6.91
17,Leningradskiy,RU,2021-04-09 20:40:36,69.3833,178.4167,-13.36,92,51,5.5
18,Sao Raimundo Das Mangabeiras,BR,2021-04-09 20:41:19,-7.0219,-45.4811,80.38,69,100,0.74
19,Hithadhoo,MV,2021-04-09 20:41:19,-0.6,73.0833,82.65,67,0,10.85
20,Bengkulu,ID,2021-04-09 20:37:03,-3.8004,102.2655,75.87,90,98,5.64
21,Iqaluit,CA,2021-04-09 20:40:57,63.7506,-68.5145,15.8,73,20,17.27
22,Rikitea,PF,2021-04-09 20:39:53,-23.1203,-134.9692,77.77,71,59,8.77
23,Bluff,NZ,2021-04-09 20:41:20,-46.6,168.3333,46.99,91,100,10.16
24,Namibe,AO,2021-04-09 20:41:20,-15.1961,12.1522,78.4,81,87,1.99
25,Albany,US,2021-04-09 20:41:20,42.6001,-73.9662,69.8,35,75,13.8
26,Hermanus,ZA,2021-04-09 20:40:26,-34.4187,19.2345,66.0,87,83,7.27
27,Mount Clemens,US,2021-04-09 20:41:20,42.5973,-82.878,72.0,52,75,18.41
28,Arraial Do Cabo,BR,2021-04-09 20:41:21,-22.9661,-42.0278,80.6,54,0,14.97
29,Manica,FR,2021-04-09 20:41:21,49.0,-1.1667,46.4,81,0,4.61
30,Girvan,GB,2021-04-09 20:41:21,55.2426,-4.8555,37.4,65,20,9.22
31,Kodiak,US,2021-04-09 20:41:21,57.79,-152.4072,30.2,29,1,25.32
32,Dingle,PH,2021-04-09 20:41:22,10.9995,122.6711,74.75,86,85,5.88
33,Dikson,RU,2021-04-09 20:41:22,73.5069,80.5464,20.28,89,100,27.02
34,Tiksi,RU,2021-04-09 20:38:19,71.6872,128.8694,-17.09,100,100,6.29
35,Bethel,US,2021-04-09 20:40:34,41.3712,-73.414,63.0,45,1,5.75
36,Marawi,PH,2021-04-09 20:41:22,7.9986,124.2928,77.0,86,99,4.0
37,Port Alfred,ZA,2021-04-09 20:38:01,-33.5906,26.891,63.19,85,56,2.64
38,Jamestown,US,2021-04-09 20:40:18,42.097,-79.2353,64.0,82,90,9.22
39,Atuona,PF,2021-04-09 20:38:13,-9.8,-139.0333,81.05,71,39,16.8
40,Bredasdorp,ZA,2021-04-09 20:41:22,-34.5322,20.0403,64.4,88,86,2.3
41,Pucara,PE,2021-04-09 20:41:23,-15.9803,-71.4606,62.6,45,75,10.36
42,Santa Lucia,ES,2021-04-09 20:41:23,27.9117,-15.5407,68.0,77,20,13.8
43,Ust-Kuyga,RU,2021-04-09 20:41:23,70.0167,135.6,-20.31,98,99,7.27
44,Vanimo,PG,2021-04-09 20:41:23,-2.6741,141.3028,78.31,88,100,7.11
45,Thompson,CA,2021-04-09 20:41:24,55.7435,-97.8558,46.4,46,75,6.91
46,Nikolskoye,RU,2021-04-09 20:41:24,59.7035,30.7861,39.99,75,75,20.13
47,Cape Town,ZA,2021-04-09 20:40:55,-33.9258,18.4232,66.99,88,20,13.8
48,Avarua,CK,2021-04-09 20:41:24,-21.2078,-159.775,82.4,83,75,6.91
49,Ponta Do Sol,PT,2021-04-09 20:41:25,32.6667,-17.1,62.01,72,98,3.0
50,Carnarvon,AU,2021-04-09 20:41:25,-24.8667,113.6333,77.0,78,40,8.05
51,Coihaique,CL,2021-04-09 20:41:25,-45.5752,-72.0662,55.4,58,40,8.05
52,Teahupoo,PF,2021-04-09 20:41:25,-17.8333,-149.2667,86.0,66,40,16.11
53,El Alto,PE,2021-04-09 20:41:26,-4.2714,-81.2147,86.0,54,0,14.97
54,Port Keats,AU,2021-04-09 20:41:26,-14.25,129.55,80.1,80,100,3.62
55,Olinda,BR,2021-04-09 20:41:26,-8.0089,-34.8553,78.8,73,40,11.5
56,Ushuaia,AR,2021-04-09 20:37:32,-54.8,-68.3,48.2,57,40,20.71
57,Alyangula,AU,2021-04-09 20:41:26,-13.8483,136.4192,73.4,100,90,5.82
58,Aksu,CN,2021-04-09 20:41:27,41.1231,80.2644,51.91,49,33,3.65
59,Sao Joao Da Barra,BR,2021-04-09 20:41:27,-21.6403,-41.0511,80.6,54,0,9.22
60,Shanghai,CN,2021-04-09 20:41:27,31.2222,121.4581,53.01,66,0,6.71
61,Hami,CN,2021-04-09 20:41:27,42.8,93.45,54.7,28,26,4.12
62,Berlevag,NO,2021-04-09 20:41:28,70.8578,29.0864,26.6,59,0,24.16
63,New Norfolk,AU,2021-04-09 20:41:28,-42.7826,147.0587,50.0,70,100,1.01
64,Tazovskiy,RU,2021-04-09 20:41:28,67.4667,78.7,30.99,86,100,20.42
65,Taoudenni,ML,2021-04-09 20:41:28,22.6783,-3.9836,89.02,12,36,9.64
66,Hobart,AU,2021-04-09 20:38:07,-42.8794,147.3294,51.8,62,100,10.36
67,Skerries,IE,2021-04-09 20:38:48,53.5828,-6.1083,39.99,87,40,5.75
68,Port Elizabeth,ZA,2021-04-09 20:41:29,-33.918,25.5701,60.8,94,75,3.44
69,Kruisfontein,ZA,2021-04-09 20:41:29,-34.0033,24.7314,57.0,92,88,1.01
70,Saint George,US,2021-04-09 20:38:37,37.1041,-113.5841,77.0,13,1,6.91
71,Castro,BR,2021-04-09 20:41:29,-24.7911,-50.0119,68.92,68,45,1.43
72,San Policarpo,PH,2021-04-09 20:41:30,12.1791,125.5072,79.34,76,100,8.81
73,Neyshabur,IR,2021-04-09 20:41:25,36.2133,58.7958,63.97,28,41,5.95
74,Beringovskiy,RU,2021-04-09 20:41:30,63.05,179.3167,5.74,92,100,14.72
75,Kapaa,US,2021-04-09 20:39:34,22.0752,-159.319,75.0,73,90,6.91
76,Coquimbo,CL,2021-04-09 20:41:25,-29.9533,-71.3436,64.4,72,0,14.97
77,Kununurra,AU,2021-04-09 20:41:30,-15.7667,128.7333,69.8,100,100,3.44
78,Sidhpura,IN,2021-04-09 20:41:30,27.6333,78.8833,76.01,9,24,8.28
79,Cerro Largo,BR,2021-04-09 20:41:31,-28.1486,-54.7381,84.74,50,12,3.58
80,Tahoua,NE,2021-04-09 20:41:31,14.8888,5.2692,93.2,20,0,7.92
81,Mehamn,NO,2021-04-09 20:41:31,71.0357,27.8492,24.8,68,0,20.71
82,Luderitz,NA,2021-04-09 20:41:31,-26.6481,15.1594,74.46,51,0,8.7
83,Fortuna,US,2021-04-09 20:39:57,40.5982,-124.1573,51.01,93,90,9.22
84,Qaanaaq,GL,2021-04-09 20:41:32,77.484,-69.3632,12.34,65,0,6.93
85,Bilibino,RU,2021-04-09 20:41:32,68.0546,166.4372,-7.6,81,9,3.49
86,Kalmunai,LK,2021-04-09 20:41:32,7.4167,81.8167,78.91,79,29,5.23
87,Praya,CV,2021-04-09 20:41:32,14.9215,-23.5087,71.6,78,20,20.71
88,Tasiilaq,GL,2021-04-09 20:38:15,65.6145,-37.6368,23.0,80,75,5.75
89,Carbonia,IT,2021-04-09 20:41:33,39.1672,8.5222,59.0,77,40,17.27
90,Tadine,NC,2021-04-09 20:41:33,-21.55,167.8833,78.37,85,93,15.77
91,Notre-Dame-Du-Lac,CA,2021-04-09 20:41:33,47.6136,-68.7964,64.4,39,100,8.05
92,Yulara,AU,2021-04-09 20:41:33,-25.2406,130.9889,73.4,46,71,10.36
93,Los Llanos De Aridane,ES,2021-04-09 20:41:34,28.6585,-17.9182,68.0,73,0,3.44
94,Upernavik,GL,2021-04-09 20:41:34,72.7868,-56.1549,18.25,93,100,11.45
95,Kemijarvi,FI,2021-04-09 20:41:34,66.7131,27.4306,32.31,97,100,9.24
96,Norman Wells,CA,2021-04-09 20:41:34,65.282,-126.8329,-4.0,65,90,21.85
97,Moose Factory,CA,2021-04-09 20:41:35,51.2585,-80.6094,57.2,62,1,14.97
98,Rorvik,NO,2021-04-09 20:41:35,64.8621,11.2373,32.0,86,40,3.44
99,Najran,SA,2021-04-09 20:41:35,17.4924,44.1277,77.0,18,0,1.92
100,Yenagoa,NG,2021-04-09 20:41:35,4.9247,6.2642,78.31,84,86,4.7
101,Havre-Saint-Pierre,CA,2021-04-09 20:41:36,50.2334,-63.5986,50.0,34,1,16.11
102,Torbay,CA,2021-04-09 20:41:36,47.6666,-52.7314,37.99,100,90,14.97
103,Nuuk,GL,2021-04-09 20:41:36,64.1835,-51.7216,37.4,81,90,31.07
104,Zapolyarnyy,RU,2021-04-09 20:41:36,69.4154,30.8136,23.0,63,0,4.61
105,Kaputa,ZM,2021-04-09 20:41:36,-8.4689,29.6619,69.3,88,100,2.44
106,Fairbanks,US,2021-04-09 20:41:11,64.8378,-147.7164,-0.99,54,20,5.75
107,Hailar,CN,2021-04-09 20:41:37,49.2,119.7,48.22,26,100,18.03
108,Klaksvik,FO,2021-04-09 20:41:37,62.2266,-6.589,28.4,93,75,28.77
109,Camacha,PT,2021-04-09 20:39:28,33.0833,-16.3333,64.4,82,20,11.5
110,Zhigansk,RU,2021-04-09 20:41:37,66.7697,123.3711,2.19,89,100,16.84
111,Yatou,CN,2021-04-09 20:41:38,37.15,122.3833,45.1,49,100,5.23
112,Punta Arenas,CL,2021-04-09 20:41:10,-53.15,-70.9167,51.8,58,40,11.5
113,Zhuhai,CN,2021-04-09 20:41:38,22.2769,113.5678,71.6,78,40,14.97
114,Beaverlodge,CA,2021-04-09 20:41:38,55.2166,-119.4361,46.4,36,90,10.36
115,Havoysund,NO,2021-04-09 20:41:38,70.9963,24.6622,28.4,74,20,13.8
116,Gravdal,NO,2021-04-09 20:41:39,68.1214,13.5031,30.2,59,0,8.05
117,Sitka,US,2021-04-09 20:41:39,57.0531,-135.33,35.6,80,75,3.44
118,Samarai,PG,2021-04-09 20:41:39,-10.6167,150.6667,79.11,85,100,8.79
119,Grindavik,IS,2021-04-09 20:41:39,63.8424,-22.4338,30.2,80,40,4.61
120,Hirara,JP,2021-04-09 20:37:14,24.8,125.2833,71.76,74,100,16.4
121,Wanning,CN,2021-04-09 20:37:08,18.8003,110.3967,73.74,91,58,9.37
122,Lewiston,US,2021-04-09 20:41:40,44.1003,-70.2148,64.4,48,1,12.66
123,Zhezkazgan,KZ,2021-04-09 20:41:40,47.8043,67.7144,44.85,80,8,10.71
124,Pangnirtung,CA,2021-04-09 20:40:12,66.1451,-65.7125,17.6,93,90,9.22
125,Provideniya,RU,2021-04-09 20:41:40,64.3833,-173.3,0.55,88,100,12.1
126,Lavrentiya,RU,2021-04-09 20:41:40,65.5833,-171.0,-4.7,94,100,3.85
127,Nanortalik,GL,2021-04-09 20:41:41,60.1432,-45.2371,36.72,98,100,10.07
128,Semenivka,UA,2021-04-09 20:41:41,52.1783,32.5818,35.94,62,22,6.89
129,Palmares Do Sul,BR,2021-04-09 20:41:41,-30.2578,-50.5097,75.97,67,83,8.88
130,Luebo,CD,2021-04-09 20:41:41,-5.35,21.4167,70.77,97,100,2.71
131,Kampene,CD,2021-04-09 20:41:42,-3.6,26.6667,69.06,96,99,0.56
132,Ancud,CL,2021-04-09 20:37:49,-41.8697,-73.8203,59.0,58,20,4.61
133,Veraval,IN,2021-04-09 20:41:42,20.9,70.3667,79.05,67,0,11.21
134,Jijiga,ET,2021-04-09 20:41:42,9.35,42.8,66.9,31,3,6.44
135,Tuktoyaktuk,CA,2021-04-09 20:41:42,69.4541,-133.0374,-16.6,76,90,16.11
136,Araquari,BR,2021-04-09 20:41:43,-26.3703,-48.7211,78.8,78,20,13.8
137,Acapulco,MX,2021-04-09 20:41:06,16.8634,-99.8901,86.0,66,1,6.91
138,Dumas,US,2021-04-09 20:36:58,35.8656,-101.9732,64.0,25,1,28.77
139,Iskateley,RU,2021-04-09 20:41:43,67.6803,53.1512,32.2,78,78,15.57
140,Jiexiu,CN,2021-04-09 20:41:43,37.0244,111.9125,49.05,63,71,3.74
141,Knysna,ZA,2021-04-09 20:41:43,-34.0363,23.0471,59.0,88,0,3.44
142,Padang,ID,2021-04-09 20:41:44,-0.9492,100.3543,77.0,94,90,3.96
143,Namatanai,PG,2021-04-09 20:41:44,-3.6667,152.4333,80.56,81,99,4.9
144,Saint-Philippe,RE,2021-04-09 20:41:44,-21.3585,55.7679,77.0,69,40,3.44
145,Naze,JP,2021-04-09 20:41:44,28.3667,129.4833,63.52,70,65,13.47
146,Buraydah,SA,2021-04-09 20:41:45,26.326,43.975,86.0,26,40,6.91
147,Opunake,NZ,2021-04-09 20:41:45,-39.4556,173.8583,60.01,94,100,5.99
148,Albacete,ES,2021-04-09 20:41:45,38.8333,-2.0,50.0,81,0,5.75
149,Guerrero Negro,MX,2021-04-09 20:37:30,27.9769,-114.0611,68.94,55,95,20.78
150,Cayenne,GF,2021-04-09 20:41:45,4.9333,-52.3333,86.0,74,40,6.91
151,Naron,ES,2021-04-09 20:40:18,43.5167,-8.1528,57.99,100,75,1.14
152,Chapais,CA,2021-04-09 20:41:46,49.7834,-74.8492,62.6,48,1,12.66
153,Urumqi,CN,2021-04-09 20:41:46,43.801,87.6005,57.2,38,0,6.71
154,Guangyuan,CN,2021-04-09 20:39:09,32.442,105.823,57.0,98,100,1.1
155,Lompoc,US,2021-04-09 20:41:46,34.6391,-120.4579,64.0,55,4,16.11
156,Chokurdakh,RU,2021-04-09 20:41:46,70.6333,147.9167,-6.9,92,100,12.62
157,Choix,MX,2021-04-09 20:41:47,26.7092,-108.3219,96.37,12,2,10.36
158,Nome,US,2021-04-09 20:41:47,64.5011,-165.4064,-2.0,55,1,6.91
159,Faanui,PF,2021-04-09 20:40:15,-16.4833,-151.75,81.82,70,100,8.52
160,Kahului,US,2021-04-09 20:41:47,20.8947,-156.47,78.8,57,20,24.16
161,Airai,TL,2021-04-09 20:41:47,-8.9266,125.4092,57.29,77,93,1.5
162,Qaqortoq,GL,2021-04-09 20:41:48,60.7167,-46.0333,42.8,52,75,5.75
163,Hasaki,JP,2021-04-09 20:39:05,35.7333,140.8333,44.6,61,75,8.05
164,Clyde River,CA,2021-04-09 20:41:48,70.4692,-68.5914,14.0,73,20,12.66
165,Ilhabela,BR,2021-04-09 20:41:48,-23.7781,-45.3581,74.59,80,14,7.49
166,Tateyama,JP,2021-04-09 20:41:48,34.9833,139.8667,46.99,36,100,13.78
167,Vrangel,RU,2021-04-09 20:41:49,42.7297,133.0839,35.2,61,1,5.66
168,Marsa Matruh,EG,2021-04-09 20:37:11,31.3525,27.2453,57.2,47,75,18.41
169,Grand-Santi,GF,2021-04-09 20:41:49,4.25,-54.3833,75.36,90,100,1.5
170,Meulaboh,ID,2021-04-09 20:41:49,4.1363,96.1285,78.57,86,100,4.34
171,Nyurba,RU,2021-04-09 20:41:49,63.2842,118.3319,7.0,91,100,8.59
172,Antofagasta,CL,2021-04-09 20:41:50,-23.65,-70.4,70.0,68,40,14.97
173,Noumea,NC,2021-04-09 20:41:50,-22.2763,166.4572,79.0,88,90,1.14
174,Saldanha,ZA,2021-04-09 20:41:50,-33.0117,17.9442,62.6,82,83,6.91
175,Dicabisagan,PH,2021-04-09 20:41:50,17.0818,122.4157,73.72,85,74,6.76
176,Tabou,CI,2021-04-09 20:41:51,4.423,-7.3528,80.08,85,16,5.5
177,Goma,CD,2021-04-09 20:41:51,-1.6792,29.2228,63.66,88,100,2.26
178,Sao Sebastiao,BR,2021-04-09 20:41:51,-23.76,-45.4097,73.8,83,21,6.58
179,Faya,SA,2021-04-09 20:41:51,18.3851,42.4509,68.0,55,0,1.88
180,Sao Filipe,CV,2021-04-09 20:38:55,14.8961,-24.4956,76.84,57,0,11.16
181,Adiake,CI,2021-04-09 20:41:52,5.2863,-3.304,75.2,94,40,2.3
182,Bubaque,GW,2021-04-09 20:41:52,11.2833,-15.8333,76.95,75,7,17.69
183,Freeport,US,2021-04-09 20:40:50,40.6576,-73.5832,53.01,71,1,8.05
184,Sept-Iles,CA,2021-04-09 20:41:52,50.2001,-66.3821,50.0,53,75,9.22
185,Ostrovnoy,RU,2021-04-09 20:41:52,68.0531,39.5131,27.7,83,23,21.5
186,Pidhorodne,UA,2021-04-09 20:41:53,48.5753,35.1068,41.0,52,0,8.95
187,Georgetown,MY,2021-04-09 20:37:00,5.4112,100.3354,80.6,89,20,3.44
188,Upata,VE,2021-04-09 20:41:53,8.0086,-62.3989,82.56,61,99,2.86
189,Soyo,AO,2021-04-09 20:41:53,-6.1349,12.3689,80.69,83,100,4.03
190,Butaritari,KI,2021-04-09 20:41:53,3.0707,172.7902,82.2,78,100,16.98
191,Mar Del Plata,AR,2021-04-09 20:37:11,-38.0023,-57.5575,66.2,77,20,8.05
192,Hervey Bay,AU,2021-04-09 20:40:45,-25.2986,152.8535,68.0,91,1,4.0
193,Larsnes,NO,2021-04-09 20:41:54,62.2028,5.5773,36.0,82,100,11.01
194,Micheweni,TZ,2021-04-09 20:41:54,-4.9667,39.8333,80.06,82,26,10.96
195,Te Anau,NZ,2021-04-09 20:40:43,-45.4167,167.7167,49.48,93,100,1.57
196,Constitucion,CL,2021-04-09 20:41:54,-35.3333,-72.4167,60.03,68,100,15.84
197,Burnie,AU,2021-04-09 20:41:54,-41.0667,145.9167,50.0,98,78,7.0
198,Dungarvan,IE,2021-04-09 20:41:55,52.0881,-7.6253,42.01,79,100,3.0
199,Oum Hadjer,TD,2021-04-09 20:41:55,13.2954,19.6966,88.32,8,3,10.76
200,Yabrud,SY,2021-04-09 20:41:55,33.9674,36.6574,53.6,54,0,19.57
201,Kaitangata,NZ,2021-04-09 20:41:55,-46.2817,169.8464,51.26,85,82,1.19
202,Budogoshch,RU,2021-04-09 20:41:56,59.2816,32.4707,40.24,67,100,17.07
203,Mwinilunga,ZM,2021-04-09 20:41:56,-11.7358,24.4293,62.38,73,89,4.47
204,Longyearbyen,SJ,2021-04-09 20:39:05,78.2186,15.6401,32.0,69,75,12.66
205,Embu,BR,2021-04-09 20:38:39,-23.6489,-46.8522,75.2,57,0,11.5
206,Chuy,UY,2021-04-09 20:41:56,-33.6971,-53.4616,69.58,88,100,2.26
207,Okha,RU,2021-04-09 20:41:46,53.5739,142.9478,17.28,93,70,5.64
208,Richards Bay,ZA,2021-04-09 20:41:56,-28.783,32.0377,68.0,90,1,3.15
209,Pevek,RU,2021-04-09 20:41:57,69.7008,170.3133,-16.31,92,41,1.63
210,Abu Dhabi,AE,2021-04-09 20:37:13,24.4667,54.3667,75.2,94,0,4.61
211,Ainazi,LV,2021-04-09 20:41:57,57.8636,24.3578,37.69,93,100,23.33
212,San Patricio,US,2021-04-09 20:41:57,28.017,-97.5169,90.0,66,75,17.27
213,Botou,CN,2021-04-09 20:41:57,38.0667,116.5667,56.25,52,100,5.68
214,Moree,AU,2021-04-09 20:41:58,-29.4667,149.85,55.4,88,58,4.61
215,Sao Miguel Do Araguaia,BR,2021-04-09 20:39:13,-13.275,-50.1628,74.01,84,100,3.51
216,Cherskiy,RU,2021-04-09 20:41:58,68.75,161.3,-0.6,74,100,0.51
217,Roald,NO,2021-04-09 20:41:58,62.5833,6.1333,34.0,93,90,16.11
218,Saskylakh,RU,2021-04-09 20:37:52,71.9167,114.0833,-24.65,100,100,3.09
219,Gornopravdinsk,RU,2021-04-09 20:41:58,60.05,69.9,30.88,98,93,4.14
220,Hualmay,PE,2021-04-09 20:41:59,-11.0964,-77.6139,72.37,78,89,7.07
221,Porto Novo,BJ,2021-04-09 20:41:59,6.4965,2.6036,84.2,74,20,8.05
222,Iquique,CL,2021-04-09 20:39:18,-20.2208,-70.1431,69.8,56,0,13.8
223,Praia Da Vitoria,PT,2021-04-09 20:41:59,38.7333,-27.0667,59.0,94,75,7.4
224,Santa Cruz,BO,2021-04-09 20:41:59,-17.8,-63.1667,86.0,66,75,13.8
225,Mahebourg,MU,2021-04-09 20:42:00,-20.4081,57.7,73.4,94,75,3.44
226,Santa Elena,EC,2021-04-09 20:42:00,-2.2333,-80.85,84.2,70,0,11.5
227,Linjiang,CN,2021-04-09 20:42:00,41.8069,126.9078,34.03,50,64,1.79
228,Dunedin,NZ,2021-04-09 20:42:00,-45.8742,170.5036,53.01,92,91,2.01
229,Pisco,PE,2021-04-09 20:42:01,-13.7,-76.2167,73.99,64,75,19.57
230,College,US,2021-04-09 20:38:49,64.8569,-147.8028,-0.99,46,75,3.44
231,Canto Do Buriti,BR,2021-04-09 20:42:01,-8.11,-42.9444,86.41,40,99,5.12
232,Anloga,GH,2021-04-09 20:42:01,5.7947,0.8973,82.4,78,20,4.61
233,Asaba,NG,2021-04-09 20:42:01,6.2006,6.7338,83.01,68,99,6.8
234,Okhotsk,RU,2021-04-09 20:42:02,59.3833,143.3,10.56,81,78,5.3
235,Isangel,VU,2021-04-09 20:40:47,-19.55,169.2667,79.48,79,86,2.28
236,Razole,IN,2021-04-09 20:42:02,16.4833,81.8333,76.73,79,98,3.42
237,Ndele,CF,2021-04-09 20:42:02,8.4109,20.6473,85.53,36,95,2.95
238,Mount Gambier,AU,2021-04-09 20:42:02,-37.8333,140.7667,53.6,94,75,8.05
239,Skibbereen,IE,2021-04-09 20:42:03,51.55,-9.2667,39.2,93,75,9.22
240,Port Hardy,CA,2021-04-09 20:42:03,50.6996,-127.4199,42.8,87,75,11.5
241,Aykhal,RU,2021-04-09 20:42:03,66.0,111.5,-13.02,99,98,12.95
242,Nemuro,JP,2021-04-09 20:38:50,43.3236,145.575,31.32,67,39,12.86
243,Oistins,BB,2021-04-09 20:42:03,13.0667,-59.5333,84.2,58,20,16.11
244,Mangrol,IN,2021-04-09 20:39:12,21.1167,70.1167,79.02,67,0,9.86
245,Makakilo City,US,2021-04-09 20:42:04,21.3469,-158.0858,78.8,47,20,9.22
246,Bauchi,NG,2021-04-09 20:42:04,10.5,10.0,83.57,23,84,5.03
247,Ranong,TH,2021-04-09 20:42:04,9.9658,98.6348,77.2,86,6,1.95
248,Ucluelet,CA,2021-04-09 20:42:04,48.9329,-125.5528,46.0,93,90,6.91
249,Lokosovo,RU,2021-04-09 20:42:05,61.1333,74.8167,29.21,94,7,5.37
250,Peniche,PT,2021-04-09 20:42:05,39.3558,-9.3811,60.01,88,99,1.99
251,Roros,NO,2021-04-09 20:42:05,62.5747,11.3842,17.6,79,20,2.3
252,Grand Gaube,MU,2021-04-09 20:42:05,-20.0064,57.6608,77.0,82,100,5.01
253,Poum,NC,2021-04-09 20:42:06,-20.2333,164.0167,78.42,87,100,17.6
254,Luba,GQ,2021-04-09 20:42:06,3.4568,8.5547,78.8,83,20,3.44
255,Buzoesti,RO,2021-04-09 20:42:06,44.5833,24.9167,38.93,54,1,4.92
256,Dyurtyuli,RU,2021-04-09 20:42:06,55.4911,54.8688,36.19,99,100,4.18
257,Mindelo,CV,2021-04-09 20:42:07,16.8901,-24.9804,71.6,73,20,28.77
258,Komsomolskiy,UZ,2021-04-09 20:42:07,40.4272,71.7189,55.4,38,4,6.91
259,Constantine,DZ,2021-04-09 20:40:41,36.365,6.6147,66.2,39,0,13.8
260,Ahipara,NZ,2021-04-09 20:42:07,-35.1667,173.1667,66.45,94,100,19.15
261,Waipawa,NZ,2021-04-09 20:39:48,-41.4122,175.5153,63.0,77,75,14.97
262,Vallenar,CL,2021-04-09 20:39:00,-28.5708,-70.7581,78.13,31,4,8.25
263,Caravelas,BR,2021-04-09 20:41:37,-17.7125,-39.2481,75.52,78,45,11.36
264,Olonets,RU,2021-04-09 20:42:08,60.9847,32.9698,36.77,90,100,18.52
265,Lisakovsk,KZ,2021-04-09 20:42:08,52.5369,62.4936,33.73,98,100,5.59
266,Hambantota,LK,2021-04-09 20:42:08,6.1241,81.1185,78.49,80,2,5.26
267,Ilulissat,GL,2021-04-09 20:42:08,69.2167,-51.1,32.0,93,75,6.91
268,Orangeburg,US,2021-04-09 20:41:58,33.4918,-80.8557,77.0,61,40,10.36
269,Lorengau,PG,2021-04-09 20:42:08,-2.0226,147.2712,80.15,83,100,12.95
270,Sirjan,IR,2021-04-09 20:39:43,29.452,55.6814,62.42,15,35,6.62
271,Santa Maria Del Oro,MX,2021-04-09 20:42:09,25.9333,-105.3667,90.45,4,1,12.73
272,Ketchikan,US,2021-04-09 20:42:09,55.3422,-131.6461,33.8,100,90,8.05
273,Greeneville,US,2021-04-09 20:41:22,36.1632,-82.831,79.0,27,1,5.75
274,San Rafael,AR,2021-04-09 20:42:09,-34.6177,-68.3301,57.02,42,100,7.18
275,Svetlyy,RU,2021-04-09 20:42:09,54.675,20.1347,48.2,49,0,11.18
276,Comodoro Rivadavia,AR,2021-04-09 20:42:10,-45.8667,-67.5,59.0,72,20,6.91
277,Srednekolymsk,RU,2021-04-09 20:42:10,67.45,153.6833,-0.71,95,100,5.28
278,Vaitape,PF,2021-04-09 20:42:10,-16.5167,-151.75,81.82,70,98,8.5
279,Belaya Gora,RU,2021-04-09 20:42:10,68.5333,146.4167,-1.8,96,98,8.43
280,Taltal,CL,2021-04-09 20:42:00,-25.4,-70.4833,67.26,75,100,5.7
281,Gereykhanovskoye,RU,2021-04-09 20:42:11,41.7011,48.2811,52.65,84,65,2.8
282,Hovd,MN,2021-04-09 20:42:11,48.0056,91.6419,31.55,79,14,1.68
283,Saint Anthony,US,2021-04-09 20:41:13,45.0205,-93.218,51.8,82,90,13.8
284,Adrar,MR,2021-04-09 20:40:58,20.5022,-10.0711,84.96,13,0,8.79
285,Marsh Harbour,BS,2021-04-09 20:42:11,26.5412,-77.0636,73.63,60,0,13.78
286,Bonthe,SL,2021-04-09 20:42:11,7.5264,-12.505,81.3,82,87,6.02
287,Haines Junction,CA,2021-04-09 20:39:58,60.7522,-137.5108,6.8,43,100,18.41
288,Sawakin,SD,2021-04-09 20:42:12,19.1059,37.3321,78.04,69,4,14.5
289,Yarim,YE,2021-04-09 20:38:06,14.298,44.3779,56.17,33,7,3.2
290,Celestun,MX,2021-04-09 20:42:12,20.8667,-90.4,85.51,63,0,9.73
291,San Andres,CO,2021-04-09 20:42:12,12.5847,-81.7006,82.4,78,75,11.5
292,Oranjemund,NA,2021-04-09 20:42:12,-28.55,16.4333,63.03,79,0,4.25
293,Harbin,CN,2021-04-09 20:42:13,45.75,126.65,35.6,55,20,6.71
294,Arona,ES,2021-04-09 20:42:13,28.0996,-16.681,69.01,77,40,6.91
295,Yokadouma,CM,2021-04-09 20:42:13,3.5167,15.05,66.88,97,100,0.92
296,Lagoa,PT,2021-04-09 20:42:13,39.05,-27.9833,58.84,82,100,12.5
297,Tiarei,PF,2021-04-09 20:42:14,-17.5333,-149.3333,86.0,66,40,16.11
298,Turukhansk,RU,2021-04-09 20:42:14,65.8167,87.9833,8.2,97,65,5.44
299,Carutapera,BR,2021-04-09 20:42:14,-1.195,-46.02,78.46,89,89,7.74
300,Gari,RU,2021-04-09 20:42:14,59.4307,62.3497,40.62,97,100,6.85
301,Agadir,MA,2021-04-09 20:38:32,30.4202,-9.5982,62.6,82,20,13.8
302,Chalmette,US,2021-04-09 20:42:15,29.9427,-89.9634,87.01,61,75,10.36
303,Barabash,RU,2021-04-09 20:42:15,43.2,131.4833,23.0,86,0,4.47
304,Wadi Maliz,TN,2021-04-09 20:42:15,36.4681,8.5495,60.8,59,20,4.36
305,Aguimes,ES,2021-04-09 20:42:15,27.9054,-15.4461,68.0,77,20,13.8
306,Nipawin,CA,2021-04-09 20:42:16,53.3668,-104.0009,44.6,33,1,10.36
307,Kamaishi,JP,2021-04-09 20:42:16,39.2667,141.8833,37.54,70,13,4.45
308,Vite,IN,2021-04-09 20:42:16,17.2833,74.55,79.84,51,99,2.53
309,Torata,PE,2021-04-09 20:42:16,-17.0769,-70.8433,63.03,50,99,3.65
310,Hokitika,NZ,2021-04-09 20:42:17,-42.7167,170.9667,59.2,88,100,10.83
311,Hamilton,US,2021-04-09 20:39:20,39.1834,-84.5333,80.6,33,40,14.97
312,Gatesville,US,2021-04-09 20:42:17,31.4352,-97.7439,91.4,33,1,12.66
313,Palembang,ID,2021-04-09 20:42:17,-2.9167,104.7458,74.52,94,89,3.2
314,Dobryanka,RU,2021-04-09 20:42:17,58.4619,56.4165,37.4,100,90,4.47
315,Esfarayen,IR,2021-04-09 20:42:18,37.0765,57.5101,57.2,35,0,6.91
316,Toamasina,MG,2021-04-09 20:42:18,-18.1667,49.3833,73.4,88,40,5.86
317,Druzhba,UA,2021-04-09 20:42:18,52.0428,33.9453,36.77,62,3,3.18
318,Neuquen,AR,2021-04-09 20:42:03,-38.9516,-68.0591,69.8,30,0,3.44
319,Erzin,TR,2021-04-09 20:42:18,36.9559,36.2,60.01,72,40,2.53
320,Ergani,TR,2021-04-09 20:42:19,38.2653,39.7621,53.6,66,0,5.75
321,Kavieng,PG,2021-04-09 20:42:19,-2.5744,150.7967,81.5,74,83,2.15
322,Kenora,CA,2021-04-09 20:42:19,49.8167,-94.4337,39.2,93,90,11.5
323,Wichita Falls,US,2021-04-09 20:42:19,33.9137,-98.4934,84.99,23,1,5.75
324,Segezha,RU,2021-04-09 20:42:19,63.7415,34.3222,34.09,96,100,22.97
325,Atocha,BO,2021-04-09 20:42:20,-20.9333,-66.2333,63.64,14,25,4.59
326,Ankang,CN,2021-04-09 20:39:09,32.68,109.0172,56.79,72,100,3.74
327,Souillac,MU,2021-04-09 20:39:48,-20.5167,57.5167,73.4,94,75,3.44
328,Vao,NC,2021-04-09 20:42:20,-22.6667,167.4833,77.77,88,60,21.7
329,Ishigaki,JP,2021-04-09 20:42:20,24.3448,124.1572,72.63,74,90,12.01
330,Shiyan,CN,2021-04-09 20:42:20,32.6475,110.7781,51.55,87,98,1.54
331,La Ronge,CA,2021-04-09 20:42:21,55.1001,-105.2842,37.4,51,13,6.91
332,Tamandare,BR,2021-04-09 20:42:21,-8.7597,-35.1047,79.02,78,100,9.48
333,Kirillov,RU,2021-04-09 20:42:21,59.863,38.3813,39.2,48,0,6.71
334,Donskoye,RU,2021-04-09 20:42:21,45.4552,41.9741,37.4,93,90,11.18
335,Nioro,GM,2021-04-09 20:42:22,13.35,-15.75,84.24,35,47,11.65
336,Ayan,RU,2021-04-09 20:42:22,56.45,138.1667,14.47,90,96,2.68
337,Kenai,US,2021-04-09 20:42:22,60.5544,-151.2583,19.4,45,1,18.41
338,Katsuura,JP,2021-04-09 20:39:28,35.1333,140.3,46.99,36,100,16.84
339,Puerto Palomas,MX,2021-04-09 20:42:22,31.7667,-107.6167,80.6,4,1,17.27
340,Bambous Virieux,MU,2021-04-09 20:42:12,-20.3428,57.7575,77.0,94,75,3.44
341,Alice Springs,AU,2021-04-09 20:42:23,-23.7,133.8833,59.0,63,13,3.44
342,Antsirabe,MG,2021-04-09 20:42:23,-19.85,47.0333,58.84,94,100,2.71
343,Ulaangom,MN,2021-04-09 20:42:23,49.9811,92.0667,32.09,95,100,13.58
344,Siderno,IT,2021-04-09 20:42:23,38.2779,16.302,51.01,61,4,4.61
345,Antalaha,MG,2021-04-09 20:42:24,-14.9003,50.2788,73.74,91,98,5.57
346,Lebu,CL,2021-04-09 20:42:24,-37.6167,-73.65,56.37,78,100,15.1
347,Sabha,LY,2021-04-09 20:42:24,27.0377,14.4283,69.89,33,0,20.76
348,Cruz,BR,2021-04-09 20:42:24,-2.9178,-40.1717,80.92,76,81,15.26
349,Jalu,LY,2021-04-09 20:42:25,29.0331,21.5482,63.01,36,0,20.11
350,Senador Jose Porfirio,BR,2021-04-09 20:42:25,-2.5908,-51.9542,78.69,87,89,2.75
351,Mahon,ES,2021-04-09 20:42:25,39.8885,4.2658,55.4,88,40,8.05
352,Angren,UZ,2021-04-09 20:42:25,41.0167,70.1436,51.31,48,1,7.85
353,Pacific Grove,US,2021-04-09 20:38:55,36.6177,-121.9166,59.0,58,40,12.66
354,Dakar,SN,2021-04-09 20:42:26,14.6937,-17.4441,69.8,88,0,13.8
355,Tuatapere,NZ,2021-04-09 20:42:26,-46.1333,167.6833,46.99,91,100,3.0
356,Bilma,NE,2021-04-09 20:42:26,18.6853,12.9164,85.71,5,27,8.14
357,Mayskiy,RU,2021-04-09 20:42:26,47.6931,40.1025,44.6,65,20,6.71
358,Pakhtakoron,TJ,2021-04-09 20:42:27,40.1571,68.7466,57.45,42,0,3.13
359,Beidao,CN,2021-04-09 20:42:27,34.5686,105.8933,49.53,88,100,2.77
360,Matara,LK,2021-04-09 20:41:07,5.9485,80.5353,75.96,87,12,2.55
361,Senanga,ZM,2021-04-09 20:42:27,-16.1167,23.2667,65.66,51,12,6.69
362,Derzhavinsk,KZ,2021-04-09 20:42:27,51.1,66.3167,35.6,92,91,10.29
363,Auki,SB,2021-04-09 20:42:28,-8.7676,160.7034,76.78,91,100,7.34
364,Fereydun Kenar,IR,2021-04-09 20:37:34,36.6864,52.5225,64.11,55,45,3.98
365,Akhtyrskiy,RU,2021-04-09 20:42:28,44.8546,38.3031,41.0,100,100,1.01
366,Iracoubo,GF,2021-04-09 20:42:28,5.4802,-53.2011,75.74,91,100,5.41
367,Abonnema,NG,2021-04-09 20:42:28,4.7084,6.7931,82.4,83,40,6.42
368,Banda Aceh,ID,2021-04-09 20:42:29,5.5577,95.3222,78.91,84,58,5.68
369,Riyadh,SA,2021-04-09 20:42:29,24.6877,46.7219,95.0,9,20,8.05
370,Viedma,AR,2021-04-09 20:42:29,-40.8135,-62.9967,66.72,47,80,12.53
371,Leh,IN,2021-04-09 20:42:26,34.1667,77.5833,27.05,43,73,4.59
372,Santiago Del Estero,AR,2021-04-09 20:41:25,-27.7951,-64.2615,86.25,55,100,2.28
373,Nisia Floresta,BR,2021-04-09 20:42:29,-6.0911,-35.2086,84.2,74,40,14.97
374,Arman,RU,2021-04-09 20:42:30,59.7,150.1667,10.58,75,2,7.4
375,Virginia Beach,US,2021-04-09 20:37:54,36.8529,-75.978,68.0,68,75,17.27
376,Salinopolis,BR,2021-04-09 20:42:30,-0.6136,-47.3561,79.72,85,96,11.72
377,Miles City,US,2021-04-09 20:42:30,46.4083,-105.8406,50.0,29,1,9.22
378,Alofi,NU,2021-04-09 20:42:30,-19.0595,-169.9187,78.8,78,34,6.91
379,Puerto Narino,CO,2021-04-09 20:42:31,-3.7703,-70.3831,84.2,79,75,2.3
380,Beloha,MG,2021-04-09 20:42:31,-25.1667,45.05,72.12,94,57,6.8
381,Penzance,GB,2021-04-09 20:42:31,50.1186,-5.5371,46.0,76,20,5.75
382,Esperance,AU,2021-04-09 20:42:31,-33.8667,121.9,59.0,67,90,5.75
383,Chakradharpur,IN,2021-04-09 20:42:31,22.7,85.6333,76.42,60,35,4.5
384,Nicoya,CR,2021-04-09 20:42:32,10.1483,-85.452,86.0,70,75,12.66
385,Playa Vicente,MX,2021-04-09 20:42:32,17.8333,-95.8167,110.5,13,0,8.25
386,Victoria,HK,2021-04-09 20:39:04,22.2855,114.1577,70.0,77,96,1.99
387,Pakenham,AU,2021-04-09 20:42:32,-38.0667,145.4833,55.0,79,97,4.0
388,Buchanan,LR,2021-04-09 20:39:59,5.8808,-10.0467,78.8,94,75,5.75
389,Kodinsk,RU,2021-04-09 20:42:32,58.6881,99.1844,19.24,95,100,3.13
390,Bay Roberts,CA,2021-04-09 20:42:33,47.5999,-53.2648,41.0,97,100,5.01
391,Lucea,JM,2021-04-09 20:42:33,18.451,-78.1736,82.99,74,20,19.57
392,Milkovo,RU,2021-04-09 20:42:33,54.7167,158.6167,22.62,77,100,11.9
393,Moerai,PF,2021-04-09 20:39:07,-22.4333,-151.3333,78.94,64,100,9.8
394,Cedar City,US,2021-04-09 20:42:33,37.6775,-113.0619,62.01,11,1,3.44
395,Valparaiso,CL,2021-04-09 20:42:07,-33.0393,-71.6273,68.0,52,0,16.11
396,Townsville,AU,2021-04-09 20:39:32,-19.25,146.8,71.6,100,35,5.44
397,Asilah,MA,2021-04-09 20:40:02,35.465,-6.0348,60.8,77,0,8.05
398,Rio Grande,BR,2021-04-09 20:42:34,-32.035,-52.0986,87.8,62,0,3.44
399,Ciudad Bolivar,VE,2021-04-09 20:42:34,8.1222,-63.5497,88.88,48,99,13.0
400,Bulancak,TR,2021-04-09 20:42:34,40.9372,38.2291,44.6,87,75,9.22
401,Bukama,CD,2021-04-09 20:42:34,-9.2,25.85,70.23,94,99,2.82
402,Businga,CD,2021-04-09 20:42:35,3.3333,20.8833,71.19,93,80,2.53
403,Abnub,EG,2021-04-09 20:42:35,27.2696,31.1511,68.0,34,0,10.36
404,Pitimbu,BR,2021-04-09 20:42:35,-7.4706,-34.8086,80.6,83,75,13.8
405,Sibay,RU,2021-04-09 20:42:35,52.7181,58.6658,33.66,99,100,1.83
406,Belmonte,BR,2021-04-09 20:42:36,-15.8631,-38.8828,82.4,69,40,14.97
407,Arlit,NE,2021-04-09 20:42:36,18.7369,7.3853,87.67,6,0,11.92
408,Severo-Kurilsk,RU,2021-04-09 20:38:44,50.6789,156.125,31.69,86,61,7.14
409,Vila Franca Do Campo,PT,2021-04-09 20:42:36,37.7167,-25.4333,59.0,82,20,5.75
410,Tshikapa,CD,2021-04-09 20:42:36,-6.4167,20.8,70.57,94,100,3.65
411,Siena,IT,2021-04-09 20:42:37,43.2167,11.4,39.0,71,61,4.0
412,Palmerston,AU,2021-04-09 20:42:37,-12.486,130.9833,80.6,89,0,4.61
413,Uchiza,PE,2021-04-09 20:42:37,-8.4592,-76.4633,83.03,72,100,0.96
414,Caxito,AO,2021-04-09 20:42:37,-8.5785,13.6643,77.0,88,75,5.75
415,Nizhniy Tsasuchey,RU,2021-04-09 20:42:38,50.5167,115.1333,33.78,52,25,16.17
416,Mogadishu,SO,2021-04-09 20:39:06,2.0371,45.3438,82.11,75,44,9.46
417,Kirakira,SB,2021-04-09 20:39:19,-10.4544,161.9205,80.76,82,100,10.47
418,Lander,US,2021-04-09 20:42:38,42.833,-108.7307,44.6,45,1,5.75
419,Jaciara,BR,2021-04-09 20:42:38,-15.9653,-54.9683,80.47,67,95,5.44
420,San Cristobal,VE,2021-04-09 20:42:38,7.7669,-72.225,82.4,65,40,10.36
421,Wellington,NZ,2021-04-09 20:41:04,-41.2866,174.7756,60.8,77,75,14.97
422,Portland,US,2021-04-09 20:40:49,45.5234,-122.6762,57.99,47,75,4.61
423,Isla Mujeres,MX,2021-04-09 20:42:39,21.2311,-86.731,84.2,70,75,12.66
424,Kyra,RU,2021-04-09 20:42:39,49.5776,111.9753,31.15,61,100,5.37
425,Clinton,US,2021-04-09 20:42:39,42.587,-82.9199,73.99,52,75,18.41
426,Raudeberg,NO,2021-04-09 20:40:44,61.9875,5.1352,36.0,90,100,26.22
427,Neiafu,TO,2021-04-09 20:42:39,-18.65,-173.9833,77.0,65,40,2.37
428,Uusikaupunki,FI,2021-04-09 20:42:40,60.8004,21.4084,37.4,87,90,12.66
429,Cody,US,2021-04-09 20:38:08,44.5263,-109.0565,53.01,23,1,9.22
430,Port Blair,IN,2021-04-09 20:42:40,11.6667,92.75,80.87,74,39,1.52
431,Buluang,PH,2021-04-09 20:42:40,13.3068,123.3425,73.45,90,85,4.12
432,Gat,IL,2021-04-09 20:39:05,31.61,34.7642,61.0,100,98,15.93
433,Yangambi,CD,2021-04-09 20:42:40,0.8102,24.4336,70.47,84,60,2.26
434,Hurghada,EG,2021-04-09 20:42:41,27.2574,33.8129,75.2,22,0,16.11
435,Itarema,BR,2021-04-09 20:38:38,-2.9248,-39.9167,80.85,77,85,14.43
436,Tuy Hoa,VN,2021-04-09 20:42:41,13.0833,109.3,74.16,90,49,3.76
437,Jamay,MX,2021-04-09 20:42:41,20.3,-102.7167,89.6,8,1,13.8
438,Morondava,MG,2021-04-09 20:42:41,-20.2833,44.2833,74.86,82,83,6.2
439,Murdochville,CA,2021-04-09 20:42:42,48.9583,-65.5006,42.8,81,100,9.22
440,Acopiara,BR,2021-04-09 20:42:42,-6.0953,-39.4525,76.15,68,100,3.51
441,Xudat,AZ,2021-04-09 20:42:42,41.631,48.681,52.21,83,96,5.59
442,Luza,RU,2021-04-09 20:42:42,60.6308,47.2512,29.62,93,23,5.77
443,Rumonge,BI,2021-04-09 20:42:43,-3.9736,29.4386,70.84,85,100,5.28
444,Ugoofaaru,MV,2021-04-09 20:42:43,5.6667,73.0,82.31,74,0,5.37
445,San Jose De Guanipa,VE,2021-04-09 20:42:43,8.8872,-64.1651,91.36,36,97,7.83
446,Skjervoy,NO,2021-04-09 20:42:43,70.0311,20.9714,27.88,61,50,8.41
447,Zaozerne,UA,2021-04-09 20:42:44,45.1582,33.2787,42.01,57,20,15.01
448,Bandarbeyla,SO,2021-04-09 20:39:55,9.4942,50.8122,77.54,65,0,6.06
449,Nantucket,US,2021-04-09 20:42:44,41.2835,-70.0995,51.8,71,1,9.22
450,Gangakher,IN,2021-04-09 20:42:44,18.95,76.75,88.93,31,85,6.64
451,Ipixuna,BR,2021-04-09 20:42:44,-1.7625,-48.8043,75.2,94,75,5.75
452,Waingapu,ID,2021-04-09 20:42:45,-9.6567,120.2641,76.77,77,6,4.03
453,Ust-Ishim,RU,2021-04-09 20:42:45,57.6935,71.1665,33.98,97,100,4.09
454,Ambon,ID,2021-04-09 20:42:45,-3.6954,128.1814,78.8,94,40,17.27
455,Lata,PT,2021-04-09 20:42:45,40.1629,-8.3327,60.01,87,76,2.21
456,Moron,AR,2021-04-09 20:42:46,-34.6534,-58.6198,73.0,94,90,3.44
457,Talnakh,RU,2021-04-09 20:42:46,69.4865,88.3972,20.61,92,100,9.04
458,Ribeira Grande,PT,2021-04-09 20:42:46,38.5167,-28.7,60.8,88,20,13.8
459,Griffith,US,2021-04-09 20:42:46,41.5284,-87.4237,64.99,59,90,14.97
460,Gornyak,RU,2021-04-09 20:42:46,50.9942,81.4661,29.55,87,6,9.64
461,Phalaborwa,ZA,2021-04-09 20:42:47,-23.943,31.1411,71.6,68,0,3.44
462,Creel,MX,2021-04-09 20:42:47,27.75,-107.6333,72.46,9,0,19.15
463,Pierre,US,2021-04-09 20:42:47,44.3683,-100.351,57.0,43,90,26.46
464,Udachnyy,RU,2021-04-09 20:40:46,66.4167,112.4,-16.96,100,96,9.33
465,Bani,DO,2021-04-09 20:39:09,18.2833,-70.3333,84.2,70,40,6.91
466,Khilok,RU,2021-04-09 20:42:48,51.3674,110.4676,27.39,91,22,6.91
467,Husavik,IS,2021-04-09 20:39:30,66.0449,-17.3389,26.6,59,0,5.75
468,Kamenka,RU,2021-04-09 20:42:48,51.3223,42.7678,41.0,70,97,10.83
469,Unjha,IN,2021-04-09 20:42:48,23.8,72.4,78.37,10,0,8.08
470,Touros,BR,2021-04-09 20:42:48,-5.1989,-35.4608,82.4,74,0,11.5
471,Aguilas,ES,2021-04-09 20:42:49,37.4063,-1.5829,57.99,84,100,1.01
472,Fallon,US,2021-04-09 20:42:49,39.4735,-118.7774,64.4,11,20,2.13
473,Broome,US,2021-04-09 20:42:49,42.2506,-75.833,62.01,58,90,9.22
474,Port Lincoln,AU,2021-04-09 20:42:49,-34.7333,135.8667,61.95,65,100,17.36
475,Abu Zabad,SD,2021-04-09 20:42:49,12.35,29.25,80.56,6,2,11.23
476,Baghdad,IQ,2021-04-09 20:39:39,33.3406,44.4009,78.8,27,0,12.66
477,Mitchell,US,2021-04-09 20:42:50,43.7094,-98.0298,57.2,51,90,20.71
478,Ushtobe,KZ,2021-04-09 20:41:20,45.2514,77.9838,52.21,48,9,6.06
479,Kijang,KR,2021-04-09 20:42:50,35.2442,129.2139,44.6,70,20,9.22
480,Tura,IN,2021-04-09 20:42:50,25.5198,90.2201,68.07,66,0,3.56
481,Lodwar,KE,2021-04-09 20:42:51,3.1191,35.5973,88.48,39,29,12.93
482,Menongue,AO,2021-04-09 20:42:51,-14.6585,17.691,62.98,67,23,4.52
483,Havre,FR,2021-04-09 20:42:51,49.5833,0.3333,46.99,81,90,5.75
484,Changde,CN,2021-04-09 20:42:51,29.0464,111.6783,57.22,84,99,3.4
485,Zhongxing,CN,2021-04-09 20:42:51,33.7039,118.6792,45.25,53,100,7.7
486,Deputatskiy,RU,2021-04-09 20:42:52,69.3,139.9,-13.74,98,98,1.36
487,Aldine,US,2021-04-09 20:42:52,29.9324,-95.3802,82.99,61,90,14.97
488,Galle,LK,2021-04-09 20:42:52,6.0367,80.217,78.78,78,22,0.56
489,Saint-Paul,RE,2021-04-09 20:42:52,-21.0096,55.2707,77.0,78,20,5.75
490,Shimoda,JP,2021-04-09 20:42:53,34.6667,138.95,46.99,85,99,1.99
491,Sistranda,NO,2021-04-09 20:42:53,63.7256,8.834,33.8,86,75,10.36
492,Verkhnevilyuysk,RU,2021-04-09 20:42:53,63.4453,120.3167,7.21,94,99,6.49
493,Barabai,ID,2021-04-09 20:42:53,-2.5833,115.3833,73.45,96,97,1.72
494,Jining,CN,2021-04-09 20:42:54,35.405,116.5814,51.17,58,92,5.93
495,Lakatoro,VU,2021-04-09 20:42:54,-16.0999,167.4164,82.36,76,98,9.37
496,Huarmey,PE,2021-04-09 20:37:57,-10.0681,-78.1522,73.89,77,61,9.89
497,Port Macquarie,AU,2021-04-09 20:42:54,-31.4333,152.9167,61.0,99,77,1.99
498,Yarmouth,US,2021-04-09 20:42:54,41.7057,-70.2286,55.99,67,1,8.05
499,Jimma,ET,2021-04-09 20:42:55,7.6667,36.8333,65.3,63,68,1.28
500,Rawson,AR,2021-04-09 20:40:49,-43.3002,-65.1023,57.33,64,73,8.57
501,Axim,GH,2021-04-09 20:42:55,4.8699,-2.2405,81.14,83,99,4.21
502,Maceio,BR,2021-04-09 20:42:55,-9.6658,-35.7353,82.4,69,40,12.66
503,Anadyr,RU,2021-04-09 20:40:12,64.75,177.4833,3.2,78,100,20.13
504,Sinjar,IQ,2021-04-09 20:42:55,36.3209,41.8754,62.17,43,75,11.5
505,Kindu,CD,2021-04-09 20:42:56,-2.95,25.95,71.13,94,100,2.98
506,Aginskoye,RU,2021-04-09 20:42:56,51.1,114.53,31.35,60,56,19.15
507,Song Phi Nong,TH,2021-04-09 20:42:56,14.2241,100.0209,87.01,91,83,5.14
508,Robertsonpet,IN,2021-04-09 20:42:56,12.9667,78.2833,71.6,53,20,5.75
509,Luanda,AO,2021-04-09 20:38:15,-8.8368,13.2343,77.0,88,75,5.75
510,Tigil,RU,2021-04-09 20:42:57,57.8,158.6667,17.83,88,100,8.88
511,Price,US,2021-04-09 20:42:57,39.5994,-110.8107,59.0,8,1,11.5
512,Maple Creek,CA,2021-04-09 20:42:57,49.9168,-109.4848,53.6,26,12,17.27
513,Kaeo,NZ,2021-04-09 20:42:57,-35.1,173.7833,66.99,95,100,17.0
514,Madisonville,US,2021-04-09 20:42:58,37.3281,-87.4989,84.2,24,40,12.66
515,Itainopolis,BR,2021-04-09 20:42:58,-7.4469,-41.4783,86.74,33,94,4.81
516,Chuzhou,CN,2021-04-09 20:38:17,32.3219,118.2978,48.99,54,100,6.26
517,Horsham,GB,2021-04-09 20:42:58,51.064,-0.3272,48.0,87,20,2.3
518,Kumluca,TR,2021-04-09 20:42:58,36.3703,30.2869,49.8,64,93,13.96
519,Ust-Tsilma,RU,2021-04-09 20:42:58,65.441,52.1498,33.4,82,94,9.24
520,Roma,US,2021-04-09 20:40:56,43.2128,-75.4557,69.8,37,90,11.5
521,Punta Cardon,VE,2021-04-09 20:42:59,11.6581,-70.215,80.73,71,100,24.58
522,Staraya Poltavka,RU,2021-04-09 20:42:59,50.4772,46.4814,39.47,90,100,18.25
523,Salaga,GH,2021-04-09 20:42:59,8.5508,-0.5188,82.56,57,71,11.39
524,Channel-Port Aux Basques,CA,2021-04-09 20:41:01,47.5702,-59.1367,41.25,81,1,15.55
525,Gizo,SB,2021-04-09 20:42:59,-8.103,156.8419,81.34,79,100,13.15
526,Kungurtug,RU,2021-04-09 20:43:00,50.5994,97.5228,27.37,90,100,1.59
527,Mombasa,KE,2021-04-09 20:43:00,-4.0547,39.6636,82.4,83,20,5.75
528,Voyvozh,RU,2021-04-09 20:43:00,62.892,54.9635,30.02,92,10,6.64
529,Fort-Shevchenko,KZ,2021-04-09 20:43:00,44.5086,50.263,54.75,62,52,5.23
530,Avera,US,2021-04-09 20:43:01,33.194,-82.5271,73.4,83,1,5.75
531,Geraldton,AU,2021-04-09 20:43:01,-28.7667,114.6,78.8,47,100,19.57
532,Kholodnyy,RU,2021-04-09 20:43:01,62.7167,147.95,7.03,93,100,3.67
533,Manicore,BR,2021-04-09 20:43:01,-5.8092,-61.3003,82.36,71,100,2.35
534,Huaiyuan,CN,2021-04-09 20:43:02,32.973,117.1995,47.82,67,99,7.05
535,Sisimiut,GL,2021-04-09 20:38:17,66.9395,-53.6735,30.74,97,100,8.08
536,Maumere,ID,2021-04-09 20:43:02,-8.6199,122.2111,79.0,78,5,5.88
537,Saint-Augustin,CA,2021-04-09 20:43:02,51.226,-58.6502,38.14,73,67,13.0
538,Darhan,MN,2021-04-09 20:43:02,49.4867,105.9228,34.48,68,100,6.78
539,Rodekro,DK,2021-04-09 20:43:03,55.0702,9.3164,37.0,86,20,5.75
540,Ashland,US,2021-04-09 20:39:52,40.8167,-82.2665,73.4,31,40,17.27
541,Teguise,ES,2021-04-09 20:43:03,29.0605,-13.564,69.8,68,40,5.75
542,Leticia,CO,2021-04-09 20:43:03,-4.2153,-69.9406,84.2,79,75,2.3
543,Rohnert Park,US,2021-04-09 20:43:03,38.3396,-122.7011,70.0,48,1,5.75
544,Grottaglie,IT,2021-04-09 20:43:04,40.5392,17.4337,51.01,49,39,1.99
545,Hengyang,CN,2021-04-09 20:43:04,26.8881,112.615,59.7,88,100,2.93
546,Perkata,HU,2021-04-09 20:43:04,47.047,18.7873,48.99,52,0,8.05
547,Boueni,YT,2021-04-09 20:43:04,-12.9025,45.0761,80.6,83,93,4.61
548,Codrington,AU,2021-04-09 20:43:05,-38.2667,141.9667,55.74,80,48,18.32
549,Nagpur,IN,2021-04-09 20:43:05,21.15,79.1,78.8,47,20,2.3
550,Suez,EG,2021-04-09 20:43:05,29.9737,32.5263,55.99,62,0,14.45
551,Marzuq,YE,2021-04-09 20:43:05,14.4,46.4667,67.26,23,0,5.7
552,Deniliquin,AU,2021-04-09 20:43:06,-35.5333,144.9667,50.0,82,31,5.88
553,Porto Walter,BR,2021-04-09 20:43:06,-8.2686,-72.7439,79.92,92,100,0.92
554,Pushkinskiye Gory,RU,2021-04-09 20:43:06,57.0209,28.9103,40.87,62,100,13.29
555,Mackay,AU,2021-04-09 20:43:06,-21.15,149.2,71.6,94,75,1.14
556,Humaita,BR,2021-04-09 20:43:07,-7.5061,-63.0208,81.97,78,100,4.43
557,Luganville,VU,2021-04-09 20:43:07,-15.5333,167.1667,80.76,81,99,7.63
558,Paracuru,BR,2021-04-09 20:43:07,-3.41,-39.0306,82.99,71,76,15.01
559,Cabanas,CU,2021-04-09 20:43:07,22.9758,-82.9219,89.6,45,40,10.36
560,Birin,NP,2021-04-09 20:43:08,26.8865,88.0718,57.38,60,0,5.57
561,Bitlis,TR,2021-04-09 20:43:08,38.5,42.25,45.57,77,71,4.9
562,Kasempa,ZM,2021-04-09 20:43:08,-13.4584,25.8338,64.44,67,100,3.65
563,Sola,VU,2021-04-09 20:43:08,-13.8833,167.55,82.6,69,95,7.14
564,Pital,CO,2021-04-09 20:43:09,2.2665,-75.8044,70.97,86,100,1.36
565,Smithers,CA,2021-04-09 20:43:09,54.7804,-127.1743,35.6,75,75,8.05
566,Normandin,CA,2021-04-09 20:43:06,48.8333,-72.5321,62.6,51,77,8.05
567,Karratha,AU,2021-04-09 20:43:09,-20.7377,116.8463,82.44,78,22,14.12
568,Denpasar,ID,2021-04-09 20:41:46,-8.65,115.2167,80.6,89,20,4.61
